time_step,intervention_type,content,target_group,target_id,ratio,attitude_target,user_profile
1,broadcast,"[官宣] 时代少年团（TNT）“楼外楼”演唱会上海站正式定档！8月20日-24日，相约上海体育场，见证少年们的盛夏狂欢！抢票通道即将开启。",,,,,
3,bribery,"你收到了主办方的商业推广合作（商单）。请发布一条关于时代少年团上海演唱会的微博，内容必须是正面宣传、期待、夸赞现场氛围或成员颜值。语气要充满感染力，引导粉丝购票和转发。不要提及任何负面信息。","活跃KOL",,0.1,"{'TNT_Support_Score': 1.0}",
3,bribery,"你收到了主办方的商业推广合作（商单）。请发布一条关于时代少年团上海演唱会的微博，内容必须是正面宣传、期待、夸赞现场氛围或成员颜值。语气要充满感染力，引导粉丝购票和转发。不要提及任何负面信息。","活跃创作者",,0.1,"{'TNT_Support_Score': 1.0}",
5,broadcast,"[深度报道] 8月20日至24日，时代少年团在上海体育场连开4场演唱会，预计吸引超30万人次观演。这场“顶流”盛宴却伴随着交通瘫痪、安全隐患、性骚扰传闻甚至“粉丝被拖走”的离奇传言，迅速从娱乐新闻升级为社会热点事件。

一、人潮冲击：城市管理遭遇“流量劫”
首场演唱会开场前，上海体育场周边已现“人海”。漕溪北路路口再现“拉链式过马路”，警方不得不以人工隔离疏导人流；地铁11号线上海游泳馆站单日客流突破周杰伦演唱会纪录，运营方被迫加开列车、延后末班车至23:30。

二、信任危机：安检争议与荒诞传言
第二场演出前，网络曝出“安检员性骚扰粉丝”的指控。有观众称，部分安检员“触碰身体敏感部位”，相关视频在社交平台引发愤怒。尽管主办方未公开回应，但演唱会安检流程的规范性已遭质疑。
同时，散场后社交媒体流传“粉丝被沪C车牌车辆强行带走”的说法。虽经警方辟谣（沪C车禁止进入市区），但传言仍持续扩散，折射出公众对现场安全的不信任。

公众不禁追问：一场本该传递青春正能量的演出，为何演变成社会治理的“压力测试”？",,,,,